name,price,image_url,category_id
JavaScript Deep Dive 1,350.40,https://placehold.co/400x400/065F46/FFFFFF?text=JavaScript%20Deep%20Dive%201,5fa61451-b12d-44fb-863d-9b2c9e9496f0
Hooded Sweatshirt 2,729.24,https://placehold.co/400x400/9A3412/FFFFFF?text=Hooded%20Sweatshirt%202,f51dbd03-8798-4c37-bea0-38e750385ce6
Microwave Oven 3,9331.48,https://placehold.co/400x400/3F3F46/FFFFFF?text=Microwave%20Oven%203,ac13c7a3-f2a1-4f9c-bf71-e4803f2a44da
Football 4,7720.08,https://placehold.co/400x400/7F1D1D/FFFFFF?text=Football%204,ab22bdf7-c260-4beb-b403-cc919cf474ae
Smartphone 5,87512.29,https://placehold.co/400x400/1E3A8A/FFFFFF?text=Smartphone%205,1ea0c0d3-9683-4fe5-b033-0cd94795b40c
Clean Code 6,364.67,https://placehold.co/400x400/065F46/FFFFFF?text=Clean%20Code%206,5fa61451-b12d-44fb-863d-9b2c9e9496f0
Slim Fit Jeans 7,2277.00,https://placehold.co/400x400/9A3412/FFFFFF?text=Slim%20Fit%20Jeans%207,f51dbd03-8798-4c37-bea0-38e750385ce6
Vacuum Cleaner 8,23801.11,https://placehold.co/400x400/3F3F46/FFFFFF?text=Vacuum%20Cleaner%208,ac13c7a3-f2a1-4f9c-bf71-e4803f2a44da
Cricket Bat 9,8429.19,https://placehold.co/400x400/7F1D1D/FFFFFF?text=Cricket%20Bat%209,ab22bdf7-c260-4beb-b403-cc919cf474ae
Smartphone 10,7292.61,https://placehold.co/400x400/1E3A8A/FFFFFF?text=Smartphone%2010,1ea0c0d3-9683-4fe5-b033-0cd94795b40c
System Design Handbook 11,282.36,https://placehold.co/400x400/065F46/FFFFFF?text=System%20Design%20Handbook%2011,5fa61451-b12d-44fb-863d-9b2c9e9496f0
Cotton T-Shirt 12,2106.30,https://placehold.co/400x400/9A3412/FFFFFF?text=Cotton%20T-Shirt%2012,f51dbd03-8798-4c37-bea0-38e750385ce6
Air Fryer 13,76683.05,https://placehold.co/400x400/3F3F46/FFFFFF?text=Air%20Fryer%2013,ac13c7a3-f2a1-4f9c-bf71-e4803f2a44da
Badminton Racket 14,26375.29,https://placehold.co/400x400/7F1D1D/FFFFFF?text=Badminton%20Racket%2014,ab22bdf7-c260-4beb-b403-cc919cf474ae
Smartphone 15,77872.45,https://placehold.co/400x400/1E3A8A/FFFFFF?text=Smartphone%2015,1ea0c0d3-9683-4fe5-b033-0cd94795b40c
JavaScript Deep Dive 16,1166.23,https://placehold.co/400x400/065F46/FFFFFF?text=JavaScript%20Deep%20Dive%2016,5fa61451-b12d-44fb-863d-9b2c9e9496f0
Hooded Sweatshirt 17,1047.65,https://placehold.co/400x400/9A3412/FFFFFF?text=Hooded%20Sweatshirt%2017,f51dbd03-8798-4c37-bea0-38e750385ce6
Microwave Oven 18,28721.89,https://placehold.co/400x400/3F3F46/FFFFFF?text=Microwave%20Oven%2018,ac13c7a3-f2a1-4f9c-bf71-e4803f2a44da
Football 19,12174.18,https://placehold.co/400x400/7F1D1D/FFFFFF?text=Football%2019,ab22bdf7-c260-4beb-b403-cc919cf474ae
Smartphone 20,58774.29,https://placehold.co/400x400/1E3A8A/FFFFFF?text=Smartphone%2020,1ea0c0d3-9683-4fe5-b033-0cd94795b40c
Clean Code 21,1290.42,https://placehold.co/400x400/065F46/FFFFFF?text=Clean%20Code%2021,5fa61451-b12d-44fb-863d-9b2c9e9496f0
Slim Fit Jeans 22,2050.97,https://placehold.co/400x400/9A3412/FFFFFF?text=Slim%20Fit%20Jeans%2022,f51dbd03-8798-4c37-bea0-38e750385ce6
Vacuum Cleaner 23,18127.00,https://placehold.co/400x400/3F3F46/FFFFFF?text=Vacuum%20Cleaner%2023,ac13c7a3-f2a1-4f9c-bf71-e4803f2a44da
Cricket Bat 24,14523.13,https://placehold.co/400x400/7F1D1D/FFFFFF?text=Cricket%20Bat%2024,ab22bdf7-c260-4beb-b403-cc919cf474ae
Smartphone 25,73918.11,https://placehold.co/400x400/1E3A8A/FFFFFF?text=Smartphone%2025,1ea0c0d3-9683-4fe5-b033-0cd94795b40c
System Design Handbook 26,1767.11,https://placehold.co/400x400/065F46/FFFFFF?text=System%20Design%20Handbook%2026,5fa61451-b12d-44fb-863d-9b2c9e9496f0
Cotton T-Shirt 27,1726.58,https://placehold.co/400x400/9A3412/FFFFFF?text=Cotton%20T-Shirt%2027,f51dbd03-8798-4c37-bea0-38e750385ce6
Air Fryer 28,13447.10,https://placehold.co/400x400/3F3F46/FFFFFF?text=Air%20Fryer%2028,ac13c7a3-f2a1-4f9c-bf71-e4803f2a44da
Badminton Racket 29,17895.84,https://placehold.co/400x400/7F1D1D/FFFFFF?text=Badminton%20Racket%2029,ab22bdf7-c260-4beb-b403-cc919cf474ae
Smartphone 30,80690.63,https://placehold.co/400x400/1E3A8A/FFFFFF?text=Smartphone%2030,1ea0c0d3-9683-4fe5-b033-0cd94795b40c
JavaScript Deep Dive 31,1792.21,https://placehold.co/400x400/065F46/FFFFFF?text=JavaScript%20Deep%20Dive%2031,5fa61451-b12d-44fb-863d-9b2c9e9496f0
Hooded Sweatshirt 32,2045.68,https://placehold.co/400x400/9A3412/FFFFFF?text=Hooded%20Sweatshirt%2032,f51dbd03-8798-4c37-bea0-38e750385ce6
Microwave Oven 33,49024.11,https://placehold.co/400x400/3F3F46/FFFFFF?text=Microwave%20Oven%2033,ac13c7a3-f2a1-4f9c-bf71-e4803f2a44da
Football 34,19509.23,https://placehold.co/400x400/7F1D1D/FFFFFF?text=Football%2034,ab22bdf7-c260-4beb-b403-cc919cf474ae
Smartphone 35,31040.91,https://placehold.co/400x400/1E3A8A/FFFFFF?text=Smartphone%2035,1ea0c0d3-9683-4fe5-b033-0cd94795b40c
Clean Code 36,545.31,https://placehold.co/400x400/065F46/FFFFFF?text=Clean%20Code%2036,5fa61451-b12d-44fb-863d-9b2c9e9496f0
Slim Fit Jeans 37,1090.77,https://placehold.co/400x400/9A3412/FFFFFF?text=Slim%20Fit%20Jeans%2037,f51dbd03-8798-4c37-bea0-38e750385ce6
Vacuum Cleaner 38,45492.11,https://placehold.co/400x400/3F3F46/FFFFFF?text=Vacuum%20Cleaner%2038,ac13c7a3-f2a1-4f9c-bf71-e4803f2a44da
Cricket Bat 39,24145.07,https://placehold.co/400x400/7F1D1D/FFFFFF?text=Cricket%20Bat%2039,ab22bdf7-c260-4beb-b403-cc919cf474ae
Smartphone 40,56033.69,https://placehold.co/400x400/1E3A8A/FFFFFF?text=Smartphone%2040,1ea0c0d3-9683-4fe5-b033-0cd94795b40c
System Design Handbook 41,1878.16,https://placehold.co/400x400/065F46/FFFFFF?text=System%20Design%20Handbook%2041,5fa61451-b12d-44fb-863d-9b2c9e9496f0
Cotton T-Shirt 42,2464.31,https://placehold.co/400x400/9A3412/FFFFFF?text=Cotton%20T-Shirt%2042,f51dbd03-8798-4c37-bea0-38e750385ce6
Air Fryer 43,5805.61,https://placehold.co/400x400/3F3F46/FFFFFF?text=Air%20Fryer%2043,ac13c7a3-f2a1-4f9c-bf71-e4803f2a44da
Badminton Racket 44,3273.54,https://placehold.co/400x400/7F1D1D/FFFFFF?text=Badminton%20Racket%2044,ab22bdf7-c260-4beb-b403-cc919cf474ae
Smartphone 45,128915.76,https://placehold.co/400x400/1E3A8A/FFFFFF?text=Smartphone%2045,1ea0c0d3-9683-4fe5-b033-0cd94795b40c
JavaScript Deep Dive 46,715.36,https://placehold.co/400x400/065F46/FFFFFF?text=JavaScript%20Deep%20Dive%2046,5fa61451-b12d-44fb-863d-9b2c9e9496f0
Hooded Sweatshirt 47,4317.19,https://placehold.co/400x400/9A3412/FFFFFF?text=Hooded%20Sweatshirt%2047,f51dbd03-8798-4c37-bea0-38e750385ce6
Microwave Oven 48,6499.78,https://placehold.co/400x400/3F3F46/FFFFFF?text=Microwave%20Oven%2048,ac13c7a3-f2a1-4f9c-bf71-e4803f2a44da
Football 49,5437.55,https://placehold.co/400x400/7F1D1D/FFFFFF?text=Football%2049,ab22bdf7-c260-4beb-b403-cc919cf474ae
Smartphone 50,22430.53,https://placehold.co/400x400/1E3A8A/FFFFFF?text=Smartphone%2050,1ea0c0d3-9683-4fe5-b033-0cd94795b40c
Clean Code 51,377.27,https://placehold.co/400x400/065F46/FFFFFF?text=Clean%20Code%2051,5fa61451-b12d-44fb-863d-9b2c9e9496f0
Slim Fit Jeans 52,2376.61,https://placehold.co/400x400/9A3412/FFFFFF?text=Slim%20Fit%20Jeans%2052,f51dbd03-8798-4c37-bea0-38e750385ce6
Vacuum Cleaner 53,52860.90,https://placehold.co/400x400/3F3F46/FFFFFF?text=Vacuum%20Cleaner%2053,ac13c7a3-f2a1-4f9c-bf71-e4803f2a44da
Cricket Bat 54,5663.25,https://placehold.co/400x400/7F1D1D/FFFFFF?text=Cricket%20Bat%2054,ab22bdf7-c260-4beb-b403-cc919cf474ae
Smartphone 55,38790.29,https://placehold.co/400x400/1E3A8A/FFFFFF?text=Smartphone%2055,1ea0c0d3-9683-4fe5-b033-0cd94795b40c
System Design Handbook 56,1540.73,https://placehold.co/400x400/065F46/FFFFFF?text=System%20Design%20Handbook%2056,5fa61451-b12d-44fb-863d-9b2c9e9496f0
Cotton T-Shirt 57,3667.73,https://placehold.co/400x400/9A3412/FFFFFF?text=Cotton%20T-Shirt%2057,f51dbd03-8798-4c37-bea0-38e750385ce6
Air Fryer 58,10418.12,https://placehold.co/400x400/3F3F46/FFFFFF?text=Air%20Fryer%2058,ac13c7a3-f2a1-4f9c-bf71-e4803f2a44da
Badminton Racket 59,22966.21,https://placehold.co/400x400/7F1D1D/FFFFFF?text=Badminton%20Racket%2059,ab22bdf7-c260-4beb-b403-cc919cf474ae
Smartphone 60,99615.80,https://placehold.co/400x400/1E3A8A/FFFFFF?text=Smartphone%2060,1ea0c0d3-9683-4fe5-b033-0cd94795b40c
JavaScript Deep Dive 61,1551.17,https://placehold.co/400x400/065F46/FFFFFF?text=JavaScript%20Deep%20Dive%2061,5fa61451-b12d-44fb-863d-9b2c9e9496f0
Hooded Sweatshirt 62,1127.48,https://placehold.co/400x400/9A3412/FFFFFF?text=Hooded%20Sweatshirt%2062,f51dbd03-8798-4c37-bea0-38e750385ce6
Microwave Oven 63,58276.84,https://placehold.co/400x400/3F3F46/FFFFFF?text=Microwave%20Oven%2063,ac13c7a3-f2a1-4f9c-bf71-e4803f2a44da
Football 64,12111.11,https://placehold.co/400x400/7F1D1D/FFFFFF?text=Football%2064,ab22bdf7-c260-4beb-b403-cc919cf474ae
Smartphone 65,128166.14,https://placehold.co/400x400/1E3A8A/FFFFFF?text=Smartphone%2065,1ea0c0d3-9683-4fe5-b033-0cd94795b40c
Clean Code 66,1773.85,https://placehold.co/400x400/065F46/FFFFFF?text=Clean%20Code%2066,5fa61451-b12d-44fb-863d-9b2c9e9496f0
Slim Fit Jeans 67,1444.35,https://placehold.co/400x400/9A3412/FFFFFF?text=Slim%20Fit%20Jeans%2067,f51dbd03-8798-4c37-bea0-38e750385ce6
Vacuum Cleaner 68,71490.98,https://placehold.co/400x400/3F3F46/FFFFFF?text=Vacuum%20Cleaner%2068,ac13c7a3-f2a1-4f9c-bf71-e4803f2a44da
Cricket Bat 69,19505.02,https://placehold.co/400x400/7F1D1D/FFFFFF?text=Cricket%20Bat%2069,ab22bdf7-c260-4beb-b403-cc919cf474ae
Smartphone 70,4611.04,https://placehold.co/400x400/1E3A8A/FFFFFF?text=Smartphone%2070,1ea0c0d3-9683-4fe5-b033-0cd94795b40c
System Design Handbook 71,1826.32,https://placehold.co/400x400/065F46/FFFFFF?text=System%20Design%20Handbook%2071,5fa61451-b12d-44fb-863d-9b2c9e9496f0
Cotton T-Shirt 72,4043.23,https://placehold.co/400x400/9A3412/FFFFFF?text=Cotton%20T-Shirt%2072,f51dbd03-8798-4c37-bea0-38e750385ce6
Air Fryer 73,49354.49,https://placehold.co/400x400/3F3F46/FFFFFF?text=Air%20Fryer%2073,ac13c7a3-f2a1-4f9c-bf71-e4803f2a44da
Badminton Racket 74,13949.93,https://placehold.co/400x400/7F1D1D/FFFFFF?text=Badminton%20Racket%2074,ab22bdf7-c260-4beb-b403-cc919cf474ae
Smartphone 75,61875.47,https://placehold.co/400x400/1E3A8A/FFFFFF?text=Smartphone%2075,1ea0c0d3-9683-4fe5-b033-0cd94795b40c
JavaScript Deep Dive 76,644.78,https://placehold.co/400x400/065F46/FFFFFF?text=JavaScript%20Deep%20Dive%2076,5fa61451-b12d-44fb-863d-9b2c9e9496f0
Hooded Sweatshirt 77,2066.03,https://placehold.co/400x400/9A3412/FFFFFF?text=Hooded%20Sweatshirt%2077,f51dbd03-8798-4c37-bea0-38e750385ce6
Microwave Oven 78,13962.31,https://placehold.co/400x400/3F3F46/FFFFFF?text=Microwave%20Oven%2078,ac13c7a3-f2a1-4f9c-bf71-e4803f2a44da
Football 79,1858.84,https://placehold.co/400x400/7F1D1D/FFFFFF?text=Football%2079,ab22bdf7-c260-4beb-b403-cc919cf474ae
Smartphone 80,121092.27,https://placehold.co/400x400/1E3A8A/FFFFFF?text=Smartphone%2080,1ea0c0d3-9683-4fe5-b033-0cd94795b40c
Clean Code 81,262.56,https://placehold.co/400x400/065F46/FFFFFF?text=Clean%20Code%2081,5fa61451-b12d-44fb-863d-9b2c9e9496f0
Slim Fit Jeans 82,4326.40,https://placehold.co/400x400/9A3412/FFFFFF?text=Slim%20Fit%20Jeans%2082,f51dbd03-8798-4c37-bea0-38e750385ce6
Vacuum Cleaner 83,54371.75,https://placehold.co/400x400/3F3F46/FFFFFF?text=Vacuum%20Cleaner%2083,ac13c7a3-f2a1-4f9c-bf71-e4803f2a44da
Cricket Bat 84,21223.17,https://placehold.co/400x400/7F1D1D/FFFFFF?text=Cricket%20Bat%2084,ab22bdf7-c260-4beb-b403-cc919cf474ae
Smartphone 85,45300.48,https://placehold.co/400x400/1E3A8A/FFFFFF?text=Smartphone%2085,1ea0c0d3-9683-4fe5-b033-0cd94795b40c
System Design Handbook 86,1110.33,https://placehold.co/400x400/065F46/FFFFFF?text=System%20Design%20Handbook%2086,5fa61451-b12d-44fb-863d-9b2c9e9496f0
Cotton T-Shirt 87,1613.86,https://placehold.co/400x400/9A3412/FFFFFF?text=Cotton%20T-Shirt%2087,f51dbd03-8798-4c37-bea0-38e750385ce6
Air Fryer 88,60950.64,https://placehold.co/400x400/3F3F46/FFFFFF?text=Air%20Fryer%2088,ac13c7a3-f2a1-4f9c-bf71-e4803f2a44da
Badminton Racket 89,11429.88,https://placehold.co/400x400/7F1D1D/FFFFFF?text=Badminton%20Racket%2089,ab22bdf7-c260-4beb-b403-cc919cf474ae
Smartphone 90,6197.14,https://placehold.co/400x400/1E3A8A/FFFFFF?text=Smartphone%2090,1ea0c0d3-9683-4fe5-b033-0cd94795b40c
JavaScript Deep Dive 91,1171.26,https://placehold.co/400x400/065F46/FFFFFF?text=JavaScript%20Deep%20Dive%2091,5fa61451-b12d-44fb-863d-9b2c9e9496f0
Hooded Sweatshirt 92,572.18,https://placehold.co/400x400/9A3412/FFFFFF?text=Hooded%20Sweatshirt%2092,f51dbd03-8798-4c37-bea0-38e750385ce6
Microwave Oven 93,17849.74,https://placehold.co/400x400/3F3F46/FFFFFF?text=Microwave%20Oven%2093,ac13c7a3-f2a1-4f9c-bf71-e4803f2a44da
Football 94,7912.63,https://placehold.co/400x400/7F1D1D/FFFFFF?text=Football%2094,ab22bdf7-c260-4beb-b403-cc919cf474ae
Smartphone 95,32908.36,https://placehold.co/400x400/1E3A8A/FFFFFF?text=Smartphone%2095,1ea0c0d3-9683-4fe5-b033-0cd94795b40c
Clean Code 96,1394.90,https://placehold.co/400x400/065F46/FFFFFF?text=Clean%20Code%2096,5fa61451-b12d-44fb-863d-9b2c9e9496f0
Slim Fit Jeans 97,3425.16,https://placehold.co/400x400/9A3412/FFFFFF?text=Slim%20Fit%20Jeans%2097,f51dbd03-8798-4c37-bea0-38e750385ce6
Vacuum Cleaner 98,79322.11,https://placehold.co/400x400/3F3F46/FFFFFF?text=Vacuum%20Cleaner%2098,ac13c7a3-f2a1-4f9c-bf71-e4803f2a44da
Cricket Bat 99,13247.62,https://placehold.co/400x400/7F1D1D/FFFFFF?text=Cricket%20Bat%2099,ab22bdf7-c260-4beb-b403-cc919cf474ae
Smartphone 100,144464.47,https://placehold.co/400x400/1E3A8A/FFFFFF?text=Smartphone%20100,1ea0c0d3-9683-4fe5-b033-0cd94795b40c
System Design Handbook 101,279.17,https://placehold.co/400x400/065F46/FFFFFF?text=System%20Design%20Handbook%20101,5fa61451-b12d-44fb-863d-9b2c9e9496f0
Cotton T-Shirt 102,3746.39,https://placehold.co/400x400/9A3412/FFFFFF?text=Cotton%20T-Shirt%20102,f51dbd03-8798-4c37-bea0-38e750385ce6
Air Fryer 103,59156.28,https://placehold.co/400x400/3F3F46/FFFFFF?text=Air%20Fryer%20103,ac13c7a3-f2a1-4f9c-bf71-e4803f2a44da
Badminton Racket 104,15041.41,https://placehold.co/400x400/7F1D1D/FFFFFF?text=Badminton%20Racket%20104,ab22bdf7-c260-4beb-b403-cc919cf474ae
Smartphone 105,28190.61,https://placehold.co/400x400/1E3A8A/FFFFFF?text=Smartphone%20105,1ea0c0d3-9683-4fe5-b033-0cd94795b40c
JavaScript Deep Dive 106,852.45,https://placehold.co/400x400/065F46/FFFFFF?text=JavaScript%20Deep%20Dive%20106,5fa61451-b12d-44fb-863d-9b2c9e9496f0
Hooded Sweatshirt 107,1760.77,https://placehold.co/400x400/9A3412/FFFFFF?text=Hooded%20Sweatshirt%20107,f51dbd03-8798-4c37-bea0-38e750385ce6
Microwave Oven 108,72350.06,https://placehold.co/400x400/3F3F46/FFFFFF?text=Microwave%20Oven%20108,ac13c7a3-f2a1-4f9c-bf71-e4803f2a44da
Football 109,29876.25,https://placehold.co/400x400/7F1D1D/FFFFFF?text=Football%20109,ab22bdf7-c260-4beb-b403-cc919cf474ae
Smartphone 110,78874.41,https://placehold.co/400x400/1E3A8A/FFFFFF?text=Smartphone%20110,1ea0c0d3-9683-4fe5-b033-0cd94795b40c
Clean Code 111,777.36,https://placehold.co/400x400/065F46/FFFFFF?text=Clean%20Code%20111,5fa61451-b12d-44fb-863d-9b2c9e9496f0
Slim Fit Jeans 112,1542.35,https://placehold.co/400x400/9A3412/FFFFFF?text=Slim%20Fit%20Jeans%20112,f51dbd03-8798-4c37-bea0-38e750385ce6
Vacuum Cleaner 113,72436.43,https://placehold.co/400x400/3F3F46/FFFFFF?text=Vacuum%20Cleaner%20113,ac13c7a3-f2a1-4f9c-bf71-e4803f2a44da
Cricket Bat 114,26536.11,https://placehold.co/400x400/7F1D1D/FFFFFF?text=Cricket%20Bat%20114,ab22bdf7-c260-4beb-b403-cc919cf474ae
Smartphone 115,92914.41,https://placehold.co/400x400/1E3A8A/FFFFFF?text=Smartphone%20115,1ea0c0d3-9683-4fe5-b033-0cd94795b40c
System Design Handbook 116,997.98,https://placehold.co/400x400/065F46/FFFFFF?text=System%20Design%20Handbook%20116,5fa61451-b12d-44fb-863d-9b2c9e9496f0
Cotton T-Shirt 117,2281.64,https://placehold.co/400x400/9A3412/FFFFFF?text=Cotton%20T-Shirt%20117,f51dbd03-8798-4c37-bea0-38e750385ce6
Air Fryer 118,31564.93,https://placehold.co/400x400/3F3F46/FFFFFF?text=Air%20Fryer%20118,ac13c7a3-f2a1-4f9c-bf71-e4803f2a44da
Badminton Racket 119,3172.72,https://placehold.co/400x400/7F1D1D/FFFFFF?text=Badminton%20Racket%20119,ab22bdf7-c260-4beb-b403-cc919cf474ae
Smartphone 120,36194.98,https://placehold.co/400x400/1E3A8A/FFFFFF?text=Smartphone%20120,1ea0c0d3-9683-4fe5-b033-0cd94795b40c
JavaScript Deep Dive 121,1710.05,https://placehold.co/400x400/065F46/FFFFFF?text=JavaScript%20Deep%20Dive%20121,5fa61451-b12d-44fb-863d-9b2c9e9496f0
Hooded Sweatshirt 122,658.81,https://placehold.co/400x400/9A3412/FFFFFF?text=Hooded%20Sweatshirt%20122,f51dbd03-8798-4c37-bea0-38e750385ce6
Microwave Oven 123,72601.69,https://placehold.co/400x400/3F3F46/FFFFFF?text=Microwave%20Oven%20123,ac13c7a3-f2a1-4f9c-bf71-e4803f2a44da
Football 124,10002.55,https://placehold.co/400x400/7F1D1D/FFFFFF?text=Football%20124,ab22bdf7-c260-4beb-b403-cc919cf474ae
Smartphone 125,23520.62,https://placehold.co/400x400/1E3A8A/FFFFFF?text=Smartphone%20125,1ea0c0d3-9683-4fe5-b033-0cd94795b40c
Clean Code 126,1338.20,https://placehold.co/400x400/065F46/FFFFFF?text=Clean%20Code%20126,5fa61451-b12d-44fb-863d-9b2c9e9496f0
Slim Fit Jeans 127,463.91,https://placehold.co/400x400/9A3412/FFFFFF?text=Slim%20Fit%20Jeans%20127,f51dbd03-8798-4c37-bea0-38e750385ce6
Vacuum Cleaner 128,73043.64,https://placehold.co/400x400/3F3F46/FFFFFF?text=Vacuum%20Cleaner%20128,ac13c7a3-f2a1-4f9c-bf71-e4803f2a44da
Cricket Bat 129,27598.91,https://placehold.co/400x400/7F1D1D/FFFFFF?text=Cricket%20Bat%20129,ab22bdf7-c260-4beb-b403-cc919cf474ae
Smartphone 130,109175.16,https://placehold.co/400x400/1E3A8A/FFFFFF?text=Smartphone%20130,1ea0c0d3-9683-4fe5-b033-0cd94795b40c
System Design Handbook 131,1362.96,https://placehold.co/400x400/065F46/FFFFFF?text=System%20Design%20Handbook%20131,5fa61451-b12d-44fb-863d-9b2c9e9496f0
Cotton T-Shirt 132,3015.94,https://placehold.co/400x400/9A3412/FFFFFF?text=Cotton%20T-Shirt%20132,f51dbd03-8798-4c37-bea0-38e750385ce6
Air Fryer 133,42501.73,https://placehold.co/400x400/3F3F46/FFFFFF?text=Air%20Fryer%20133,ac13c7a3-f2a1-4f9c-bf71-e4803f2a44da
Badminton Racket 134,29394.66,https://placehold.co/400x400/7F1D1D/FFFFFF?text=Badminton%20Racket%20134,ab22bdf7-c260-4beb-b403-cc919cf474ae
Smartphone 135,43953.42,https://placehold.co/400x400/1E3A8A/FFFFFF?text=Smartphone%20135,1ea0c0d3-9683-4fe5-b033-0cd94795b40c
JavaScript Deep Dive 136,1126.32,https://placehold.co/400x400/065F46/FFFFFF?text=JavaScript%20Deep%20Dive%20136,5fa61451-b12d-44fb-863d-9b2c9e9496f0
Hooded Sweatshirt 137,974.27,https://placehold.co/400x400/9A3412/FFFFFF?text=Hooded%20Sweatshirt%20137,f51dbd03-8798-4c37-bea0-38e750385ce6
Microwave Oven 138,4223.79,https://placehold.co/400x400/3F3F46/FFFFFF?text=Microwave%20Oven%20138,ac13c7a3-f2a1-4f9c-bf71-e4803f2a44da
Football 139,7016.56,https://placehold.co/400x400/7F1D1D/FFFFFF?text=Football%20139,ab22bdf7-c260-4beb-b403-cc919cf474ae
Smartphone 140,49350.04,https://placehold.co/400x400/1E3A8A/FFFFFF?text=Smartphone%20140,1ea0c0d3-9683-4fe5-b033-0cd94795b40c
Clean Code 141,1432.75,https://placehold.co/400x400/065F46/FFFFFF?text=Clean%20Code%20141,5fa61451-b12d-44fb-863d-9b2c9e9496f0
Slim Fit Jeans 142,1364.26,https://placehold.co/400x400/9A3412/FFFFFF?text=Slim%20Fit%20Jeans%20142,f51dbd03-8798-4c37-bea0-38e750385ce6
Vacuum Cleaner 143,22760.19,https://placehold.co/400x400/3F3F46/FFFFFF?text=Vacuum%20Cleaner%20143,ac13c7a3-f2a1-4f9c-bf71-e4803f2a44da
Cricket Bat 144,9045.49,https://placehold.co/400x400/7F1D1D/FFFFFF?text=Cricket%20Bat%20144,ab22bdf7-c260-4beb-b403-cc919cf474ae
Smartphone 145,11059.08,https://placehold.co/400x400/1E3A8A/FFFFFF?text=Smartphone%20145,1ea0c0d3-9683-4fe5-b033-0cd94795b40c
System Design Handbook 146,1362.35,https://placehold.co/400x400/065F46/FFFFFF?text=System%20Design%20Handbook%20146,5fa61451-b12d-44fb-863d-9b2c9e9496f0
Cotton T-Shirt 147,825.76,https://placehold.co/400x400/9A3412/FFFFFF?text=Cotton%20T-Shirt%20147,f51dbd03-8798-4c37-bea0-38e750385ce6
Air Fryer 148,24879.46,https://placehold.co/400x400/3F3F46/FFFFFF?text=Air%20Fryer%20148,ac13c7a3-f2a1-4f9c-bf71-e4803f2a44da
Badminton Racket 149,21076.19,https://placehold.co/400x400/7F1D1D/FFFFFF?text=Badminton%20Racket%20149,ab22bdf7-c260-4beb-b403-cc919cf474ae
Smartphone 150,126943.48,https://placehold.co/400x400/1E3A8A/FFFFFF?text=Smartphone%20150,1ea0c0d3-9683-4fe5-b033-0cd94795b40c
JavaScript Deep Dive 151,1854.83,https://placehold.co/400x400/065F46/FFFFFF?text=JavaScript%20Deep%20Dive%20151,5fa61451-b12d-44fb-863d-9b2c9e9496f0
Hooded Sweatshirt 152,1087.85,https://placehold.co/400x400/9A3412/FFFFFF?text=Hooded%20Sweatshirt%20152,f51dbd03-8798-4c37-bea0-38e750385ce6
Microwave Oven 153,41491.80,https://placehold.co/400x400/3F3F46/FFFFFF?text=Microwave%20Oven%20153,ac13c7a3-f2a1-4f9c-bf71-e4803f2a44da
Football 154,7582.36,https://placehold.co/400x400/7F1D1D/FFFFFF?text=Football%20154,ab22bdf7-c260-4beb-b403-cc919cf474ae
Smartphone 155,123589.15,https://placehold.co/400x400/1E3A8A/FFFFFF?text=Smartphone%20155,1ea0c0d3-9683-4fe5-b033-0cd94795b40c
Clean Code 156,376.06,https://placehold.co/400x400/065F46/FFFFFF?text=Clean%20Code%20156,5fa61451-b12d-44fb-863d-9b2c9e9496f0
Slim Fit Jeans 157,3849.18,https://placehold.co/400x400/9A3412/FFFFFF?text=Slim%20Fit%20Jeans%20157,f51dbd03-8798-4c37-bea0-38e750385ce6
Vacuum Cleaner 158,35619.53,https://placehold.co/400x400/3F3F46/FFFFFF?text=Vacuum%20Cleaner%20158,ac13c7a3-f2a1-4f9c-bf71-e4803f2a44da
Cricket Bat 159,4619.88,https://placehold.co/400x400/7F1D1D/FFFFFF?text=Cricket%20Bat%20159,ab22bdf7-c260-4beb-b403-cc919cf474ae
Smartphone 160,100581.22,https://placehold.co/400x400/1E3A8A/FFFFFF?text=Smartphone%20160,1ea0c0d3-9683-4fe5-b033-0cd94795b40c
System Design Handbook 161,352.53,https://placehold.co/400x400/065F46/FFFFFF?text=System%20Design%20Handbook%20161,5fa61451-b12d-44fb-863d-9b2c9e9496f0
Cotton T-Shirt 162,2324.62,https://placehold.co/400x400/9A3412/FFFFFF?text=Cotton%20T-Shirt%20162,f51dbd03-8798-4c37-bea0-38e750385ce6
Air Fryer 163,27250.72,https://placehold.co/400x400/3F3F46/FFFFFF?text=Air%20Fryer%20163,ac13c7a3-f2a1-4f9c-bf71-e4803f2a44da
Badminton Racket 164,21121.07,https://placehold.co/400x400/7F1D1D/FFFFFF?text=Badminton%20Racket%20164,ab22bdf7-c260-4beb-b403-cc919cf474ae
Smartphone 165,31487.34,https://placehold.co/400x400/1E3A8A/FFFFFF?text=Smartphone%20165,1ea0c0d3-9683-4fe5-b033-0cd94795b40c
JavaScript Deep Dive 166,362.51,https://placehold.co/400x400/065F46/FFFFFF?text=JavaScript%20Deep%20Dive%20166,5fa61451-b12d-44fb-863d-9b2c9e9496f0
Hooded Sweatshirt 167,3999.83,https://placehold.co/400x400/9A3412/FFFFFF?text=Hooded%20Sweatshirt%20167,f51dbd03-8798-4c37-bea0-38e750385ce6
Microwave Oven 168,77769.34,https://placehold.co/400x400/3F3F46/FFFFFF?text=Microwave%20Oven%20168,ac13c7a3-f2a1-4f9c-bf71-e4803f2a44da
Football 169,2828.74,https://placehold.co/400x400/7F1D1D/FFFFFF?text=Football%20169,ab22bdf7-c260-4beb-b403-cc919cf474ae
Smartphone 170,104113.88,https://placehold.co/400x400/1E3A8A/FFFFFF?text=Smartphone%20170,1ea0c0d3-9683-4fe5-b033-0cd94795b40c
Clean Code 171,475.07,https://placehold.co/400x400/065F46/FFFFFF?text=Clean%20Code%20171,5fa61451-b12d-44fb-863d-9b2c9e9496f0
Slim Fit Jeans 172,1253.81,https://placehold.co/400x400/9A3412/FFFFFF?text=Slim%20Fit%20Jeans%20172,f51dbd03-8798-4c37-bea0-38e750385ce6
Vacuum Cleaner 173,75049.01,https://placehold.co/400x400/3F3F46/FFFFFF?text=Vacuum%20Cleaner%20173,ac13c7a3-f2a1-4f9c-bf71-e4803f2a44da
Cricket Bat 174,11728.73,https://placehold.co/400x400/7F1D1D/FFFFFF?text=Cricket%20Bat%20174,ab22bdf7-c260-4beb-b403-cc919cf474ae
Smartphone 175,57862.62,https://placehold.co/400x400/1E3A8A/FFFFFF?text=Smartphone%20175,1ea0c0d3-9683-4fe5-b033-0cd94795b40c
System Design Handbook 176,1832.07,https://placehold.co/400x400/065F46/FFFFFF?text=System%20Design%20Handbook%20176,5fa61451-b12d-44fb-863d-9b2c9e9496f0
Cotton T-Shirt 177,4191.99,https://placehold.co/400x400/9A3412/FFFFFF?text=Cotton%20T-Shirt%20177,f51dbd03-8798-4c37-bea0-38e750385ce6
Air Fryer 178,66881.25,https://placehold.co/400x400/3F3F46/FFFFFF?text=Air%20Fryer%20178,ac13c7a3-f2a1-4f9c-bf71-e4803f2a44da
Badminton Racket 179,1789.38,https://placehold.co/400x400/7F1D1D/FFFFFF?text=Badminton%20Racket%20179,ab22bdf7-c260-4beb-b403-cc919cf474ae
Smartphone 180,96448.53,https://placehold.co/400x400/1E3A8A/FFFFFF?text=Smartphone%20180,1ea0c0d3-9683-4fe5-b033-0cd94795b40c
JavaScript Deep Dive 181,774.22,https://placehold.co/400x400/065F46/FFFFFF?text=JavaScript%20Deep%20Dive%20181,5fa61451-b12d-44fb-863d-9b2c9e9496f0
Hooded Sweatshirt 182,2511.24,https://placehold.co/400x400/9A3412/FFFFFF?text=Hooded%20Sweatshirt%20182,f51dbd03-8798-4c37-bea0-38e750385ce6
Microwave Oven 183,65373.85,https://placehold.co/400x400/3F3F46/FFFFFF?text=Microwave%20Oven%20183,ac13c7a3-f2a1-4f9c-bf71-e4803f2a44da
Football 184,5455.68,https://placehold.co/400x400/7F1D1D/FFFFFF?text=Football%20184,ab22bdf7-c260-4beb-b403-cc919cf474ae
Smartphone 185,123966.45,https://placehold.co/400x400/1E3A8A/FFFFFF?text=Smartphone%20185,1ea0c0d3-9683-4fe5-b033-0cd94795b40c
Clean Code 186,1264.60,https://placehold.co/400x400/065F46/FFFFFF?text=Clean%20Code%20186,5fa61451-b12d-44fb-863d-9b2c9e9496f0
Slim Fit Jeans 187,3340.04,https://placehold.co/400x400/9A3412/FFFFFF?text=Slim%20Fit%20Jeans%20187,f51dbd03-8798-4c37-bea0-38e750385ce6
Vacuum Cleaner 188,73643.29,https://placehold.co/400x400/3F3F46/FFFFFF?text=Vacuum%20Cleaner%20188,ac13c7a3-f2a1-4f9c-bf71-e4803f2a44da
Cricket Bat 189,27201.50,https://placehold.co/400x400/7F1D1D/FFFFFF?text=Cricket%20Bat%20189,ab22bdf7-c260-4beb-b403-cc919cf474ae
Smartphone 190,92235.16,https://placehold.co/400x400/1E3A8A/FFFFFF?text=Smartphone%20190,1ea0c0d3-9683-4fe5-b033-0cd94795b40c
System Design Handbook 191,1305.91,https://placehold.co/400x400/065F46/FFFFFF?text=System%20Design%20Handbook%20191,5fa61451-b12d-44fb-863d-9b2c9e9496f0
Cotton T-Shirt 192,1011.31,https://placehold.co/400x400/9A3412/FFFFFF?text=Cotton%20T-Shirt%20192,f51dbd03-8798-4c37-bea0-38e750385ce6
Air Fryer 193,33382.74,https://placehold.co/400x400/3F3F46/FFFFFF?text=Air%20Fryer%20193,ac13c7a3-f2a1-4f9c-bf71-e4803f2a44da
Badminton Racket 194,27634.75,https://placehold.co/400x400/7F1D1D/FFFFFF?text=Badminton%20Racket%20194,ab22bdf7-c260-4beb-b403-cc919cf474ae
Smartphone 195,111981.35,https://placehold.co/400x400/1E3A8A/FFFFFF?text=Smartphone%20195,1ea0c0d3-9683-4fe5-b033-0cd94795b40c
JavaScript Deep Dive 196,1119.17,https://placehold.co/400x400/065F46/FFFFFF?text=JavaScript%20Deep%20Dive%20196,5fa61451-b12d-44fb-863d-9b2c9e9496f0
Hooded Sweatshirt 197,458.24,https://placehold.co/400x400/9A3412/FFFFFF?text=Hooded%20Sweatshirt%20197,f51dbd03-8798-4c37-bea0-38e750385ce6
Microwave Oven 198,79770.89,https://placehold.co/400x400/3F3F46/FFFFFF?text=Microwave%20Oven%20198,ac13c7a3-f2a1-4f9c-bf71-e4803f2a44da
Football 199,6099.76,https://placehold.co/400x400/7F1D1D/FFFFFF?text=Football%20199,ab22bdf7-c260-4beb-b403-cc919cf474ae
Smartphone 200,95838.53,https://placehold.co/400x400/1E3A8A/FFFFFF?text=Smartphone%20200,1ea0c0d3-9683-4fe5-b033-0cd94795b40c
Clean Code 201,1105.28,https://placehold.co/400x400/065F46/FFFFFF?text=Clean%20Code%20201,5fa61451-b12d-44fb-863d-9b2c9e9496f0
Slim Fit Jeans 202,4891.42,https://placehold.co/400x400/9A3412/FFFFFF?text=Slim%20Fit%20Jeans%20202,f51dbd03-8798-4c37-bea0-38e750385ce6
Vacuum Cleaner 203,31691.68,https://placehold.co/400x400/3F3F46/FFFFFF?text=Vacuum%20Cleaner%20203,ac13c7a3-f2a1-4f9c-bf71-e4803f2a44da
Cricket Bat 204,20440.42,https://placehold.co/400x400/7F1D1D/FFFFFF?text=Cricket%20Bat%20204,ab22bdf7-c260-4beb-b403-cc919cf474ae
Smartphone 205,138349.28,https://placehold.co/400x400/1E3A8A/FFFFFF?text=Smartphone%20205,1ea0c0d3-9683-4fe5-b033-0cd94795b40c
System Design Handbook 206,489.15,https://placehold.co/400x400/065F46/FFFFFF?text=System%20Design%20Handbook%20206,5fa61451-b12d-44fb-863d-9b2c9e9496f0
Cotton T-Shirt 207,304.49,https://placehold.co/400x400/9A3412/FFFFFF?text=Cotton%20T-Shirt%20207,f51dbd03-8798-4c37-bea0-38e750385ce6
Air Fryer 208,52339.16,https://placehold.co/400x400/3F3F46/FFFFFF?text=Air%20Fryer%20208,ac13c7a3-f2a1-4f9c-bf71-e4803f2a44da
Badminton Racket 209,12486.83,https://placehold.co/400x400/7F1D1D/FFFFFF?text=Badminton%20Racket%20209,ab22bdf7-c260-4beb-b403-cc919cf474ae
Smartphone 210,36163.98,https://placehold.co/400x400/1E3A8A/FFFFFF?text=Smartphone%20210,1ea0c0d3-9683-4fe5-b033-0cd94795b40c
JavaScript Deep Dive 211,576.84,https://placehold.co/400x400/065F46/FFFFFF?text=JavaScript%20Deep%20Dive%20211,5fa61451-b12d-44fb-863d-9b2c9e9496f0
Hooded Sweatshirt 212,4159.53,https://placehold.co/400x400/9A3412/FFFFFF?text=Hooded%20Sweatshirt%20212,f51dbd03-8798-4c37-bea0-38e750385ce6
Microwave Oven 213,58857.35,https://placehold.co/400x400/3F3F46/FFFFFF?text=Microwave%20Oven%20213,ac13c7a3-f2a1-4f9c-bf71-e4803f2a44da
Football 214,15379.47,https://placehold.co/400x400/7F1D1D/FFFFFF?text=Football%20214,ab22bdf7-c260-4beb-b403-cc919cf474ae
Smartphone 215,125996.04,https://placehold.co/400x400/1E3A8A/FFFFFF?text=Smartphone%20215,1ea0c0d3-9683-4fe5-b033-0cd94795b40c
Clean Code 216,1538.60,https://placehold.co/400x400/065F46/FFFFFF?text=Clean%20Code%20216,5fa61451-b12d-44fb-863d-9b2c9e9496f0
Slim Fit Jeans 217,4832.11,https://placehold.co/400x400/9A3412/FFFFFF?text=Slim%20Fit%20Jeans%20217,f51dbd03-8798-4c37-bea0-38e750385ce6
Vacuum Cleaner 218,36711.49,https://placehold.co/400x400/3F3F46/FFFFFF?text=Vacuum%20Cleaner%20218,ac13c7a3-f2a1-4f9c-bf71-e4803f2a44da
Cricket Bat 219,501.03,https://placehold.co/400x400/7F1D1D/FFFFFF?text=Cricket%20Bat%20219,ab22bdf7-c260-4beb-b403-cc919cf474ae
Smartphone 220,94415.15,https://placehold.co/400x400/1E3A8A/FFFFFF?text=Smartphone%20220,1ea0c0d3-9683-4fe5-b033-0cd94795b40c
System Design Handbook 221,1881.76,https://placehold.co/400x400/065F46/FFFFFF?text=System%20Design%20Handbook%20221,5fa61451-b12d-44fb-863d-9b2c9e9496f0
Cotton T-Shirt 222,989.00,https://placehold.co/400x400/9A3412/FFFFFF?text=Cotton%20T-Shirt%20222,f51dbd03-8798-4c37-bea0-38e750385ce6
Air Fryer 223,31763.21,https://placehold.co/400x400/3F3F46/FFFFFF?text=Air%20Fryer%20223,ac13c7a3-f2a1-4f9c-bf71-e4803f2a44da
Badminton Racket 224,7481.72,https://placehold.co/400x400/7F1D1D/FFFFFF?text=Badminton%20Racket%20224,ab22bdf7-c260-4beb-b403-cc919cf474ae
Smartphone 225,84464.52,https://placehold.co/400x400/1E3A8A/FFFFFF?text=Smartphone%20225,1ea0c0d3-9683-4fe5-b033-0cd94795b40c
JavaScript Deep Dive 226,1121.28,https://placehold.co/400x400/065F46/FFFFFF?text=JavaScript%20Deep%20Dive%20226,5fa61451-b12d-44fb-863d-9b2c9e9496f0
Hooded Sweatshirt 227,4636.00,https://placehold.co/400x400/9A3412/FFFFFF?text=Hooded%20Sweatshirt%20227,f51dbd03-8798-4c37-bea0-38e750385ce6
Microwave Oven 228,44440.81,https://placehold.co/400x400/3F3F46/FFFFFF?text=Microwave%20Oven%20228,ac13c7a3-f2a1-4f9c-bf71-e4803f2a44da
Football 229,22703.28,https://placehold.co/400x400/7F1D1D/FFFFFF?text=Football%20229,ab22bdf7-c260-4beb-b403-cc919cf474ae
Smartphone 230,2857.33,https://placehold.co/400x400/1E3A8A/FFFFFF?text=Smartphone%20230,1ea0c0d3-9683-4fe5-b033-0cd94795b40c
Clean Code 231,1395.03,https://placehold.co/400x400/065F46/FFFFFF?text=Clean%20Code%20231,5fa61451-b12d-44fb-863d-9b2c9e9496f0
Slim Fit Jeans 232,884.53,https://placehold.co/400x400/9A3412/FFFFFF?text=Slim%20Fit%20Jeans%20232,f51dbd03-8798-4c37-bea0-38e750385ce6
Vacuum Cleaner 233,20211.89,https://placehold.co/400x400/3F3F46/FFFFFF?text=Vacuum%20Cleaner%20233,ac13c7a3-f2a1-4f9c-bf71-e4803f2a44da
Cricket Bat 234,6879.77,https://placehold.co/400x400/7F1D1D/FFFFFF?text=Cricket%20Bat%20234,ab22bdf7-c260-4beb-b403-cc919cf474ae
Smartphone 235,75751.87,https://placehold.co/400x400/1E3A8A/FFFFFF?text=Smartphone%20235,1ea0c0d3-9683-4fe5-b033-0cd94795b40c
System Design Handbook 236,1876.24,https://placehold.co/400x400/065F46/FFFFFF?text=System%20Design%20Handbook%20236,5fa61451-b12d-44fb-863d-9b2c9e9496f0
Cotton T-Shirt 237,2240.46,https://placehold.co/400x400/9A3412/FFFFFF?text=Cotton%20T-Shirt%20237,f51dbd03-8798-4c37-bea0-38e750385ce6
Air Fryer 238,60105.44,https://placehold.co/400x400/3F3F46/FFFFFF?text=Air%20Fryer%20238,ac13c7a3-f2a1-4f9c-bf71-e4803f2a44da
Badminton Racket 239,6524.94,https://placehold.co/400x400/7F1D1D/FFFFFF?text=Badminton%20Racket%20239,ab22bdf7-c260-4beb-b403-cc919cf474ae
Smartphone 240,2415.22,https://placehold.co/400x400/1E3A8A/FFFFFF?text=Smartphone%20240,1ea0c0d3-9683-4fe5-b033-0cd94795b40c
JavaScript Deep Dive 241,1819.38,https://placehold.co/400x400/065F46/FFFFFF?text=JavaScript%20Deep%20Dive%20241,5fa61451-b12d-44fb-863d-9b2c9e9496f0
Hooded Sweatshirt 242,3892.45,https://placehold.co/400x400/9A3412/FFFFFF?text=Hooded%20Sweatshirt%20242,f51dbd03-8798-4c37-bea0-38e750385ce6
Microwave Oven 243,23156.39,https://placehold.co/400x400/3F3F46/FFFFFF?text=Microwave%20Oven%20243,ac13c7a3-f2a1-4f9c-bf71-e4803f2a44da
Football 244,25646.40,https://placehold.co/400x400/7F1D1D/FFFFFF?text=Football%20244,ab22bdf7-c260-4beb-b403-cc919cf474ae
Smartphone 245,116644.50,https://placehold.co/400x400/1E3A8A/FFFFFF?text=Smartphone%20245,1ea0c0d3-9683-4fe5-b033-0cd94795b40c
Clean Code 246,952.54,https://placehold.co/400x400/065F46/FFFFFF?text=Clean%20Code%20246,5fa61451-b12d-44fb-863d-9b2c9e9496f0
Slim Fit Jeans 247,4526.09,https://placehold.co/400x400/9A3412/FFFFFF?text=Slim%20Fit%20Jeans%20247,f51dbd03-8798-4c37-bea0-38e750385ce6
Vacuum Cleaner 248,34375.26,https://placehold.co/400x400/3F3F46/FFFFFF?text=Vacuum%20Cleaner%20248,ac13c7a3-f2a1-4f9c-bf71-e4803f2a44da
Cricket Bat 249,27891.64,https://placehold.co/400x400/7F1D1D/FFFFFF?text=Cricket%20Bat%20249,ab22bdf7-c260-4beb-b403-cc919cf474ae
Smartphone 250,97067.00,https://placehold.co/400x400/1E3A8A/FFFFFF?text=Smartphone%20250,1ea0c0d3-9683-4fe5-b033-0cd94795b40c
System Design Handbook 251,1466.27,https://placehold.co/400x400/065F46/FFFFFF?text=System%20Design%20Handbook%20251,5fa61451-b12d-44fb-863d-9b2c9e9496f0
Cotton T-Shirt 252,4724.00,https://placehold.co/400x400/9A3412/FFFFFF?text=Cotton%20T-Shirt%20252,f51dbd03-8798-4c37-bea0-38e750385ce6
Air Fryer 253,16401.30,https://placehold.co/400x400/3F3F46/FFFFFF?text=Air%20Fryer%20253,ac13c7a3-f2a1-4f9c-bf71-e4803f2a44da
Badminton Racket 254,14944.60,https://placehold.co/400x400/7F1D1D/FFFFFF?text=Badminton%20Racket%20254,ab22bdf7-c260-4beb-b403-cc919cf474ae
Smartphone 255,138033.18,https://placehold.co/400x400/1E3A8A/FFFFFF?text=Smartphone%20255,1ea0c0d3-9683-4fe5-b033-0cd94795b40c
JavaScript Deep Dive 256,695.92,https://placehold.co/400x400/065F46/FFFFFF?text=JavaScript%20Deep%20Dive%20256,5fa61451-b12d-44fb-863d-9b2c9e9496f0
Hooded Sweatshirt 257,3242.78,https://placehold.co/400x400/9A3412/FFFFFF?text=Hooded%20Sweatshirt%20257,f51dbd03-8798-4c37-bea0-38e750385ce6
Microwave Oven 258,79399.30,https://placehold.co/400x400/3F3F46/FFFFFF?text=Microwave%20Oven%20258,ac13c7a3-f2a1-4f9c-bf71-e4803f2a44da
Football 259,15476.37,https://placehold.co/400x400/7F1D1D/FFFFFF?text=Football%20259,ab22bdf7-c260-4beb-b403-cc919cf474ae
Smartphone 260,131394.45,https://placehold.co/400x400/1E3A8A/FFFFFF?text=Smartphone%20260,1ea0c0d3-9683-4fe5-b033-0cd94795b40c
Clean Code 261,885.42,https://placehold.co/400x400/065F46/FFFFFF?text=Clean%20Code%20261,5fa61451-b12d-44fb-863d-9b2c9e9496f0
Slim Fit Jeans 262,1708.85,https://placehold.co/400x400/9A3412/FFFFFF?text=Slim%20Fit%20Jeans%20262,f51dbd03-8798-4c37-bea0-38e750385ce6
Vacuum Cleaner 263,58044.47,https://placehold.co/400x400/3F3F46/FFFFFF?text=Vacuum%20Cleaner%20263,ac13c7a3-f2a1-4f9c-bf71-e4803f2a44da
Cricket Bat 264,23735.63,https://placehold.co/400x400/7F1D1D/FFFFFF?text=Cricket%20Bat%20264,ab22bdf7-c260-4beb-b403-cc919cf474ae
Smartphone 265,81891.93,https://placehold.co/400x400/1E3A8A/FFFFFF?text=Smartphone%20265,1ea0c0d3-9683-4fe5-b033-0cd94795b40c
System Design Handbook 266,1869.24,https://placehold.co/400x400/065F46/FFFFFF?text=System%20Design%20Handbook%20266,5fa61451-b12d-44fb-863d-9b2c9e9496f0
Cotton T-Shirt 267,1930.89,https://placehold.co/400x400/9A3412/FFFFFF?text=Cotton%20T-Shirt%20267,f51dbd03-8798-4c37-bea0-38e750385ce6
Air Fryer 268,61938.94,https://placehold.co/400x400/3F3F46/FFFFFF?text=Air%20Fryer%20268,ac13c7a3-f2a1-4f9c-bf71-e4803f2a44da
Badminton Racket 269,23173.90,https://placehold.co/400x400/7F1D1D/FFFFFF?text=Badminton%20Racket%20269,ab22bdf7-c260-4beb-b403-cc919cf474ae
Smartphone 270,76433.75,https://placehold.co/400x400/1E3A8A/FFFFFF?text=Smartphone%20270,1ea0c0d3-9683-4fe5-b033-0cd94795b40c
JavaScript Deep Dive 271,1571.75,https://placehold.co/400x400/065F46/FFFFFF?text=JavaScript%20Deep%20Dive%20271,5fa61451-b12d-44fb-863d-9b2c9e9496f0
Hooded Sweatshirt 272,3760.67,https://placehold.co/400x400/9A3412/FFFFFF?text=Hooded%20Sweatshirt%20272,f51dbd03-8798-4c37-bea0-38e750385ce6
Microwave Oven 273,22727.91,https://placehold.co/400x400/3F3F46/FFFFFF?text=Microwave%20Oven%20273,ac13c7a3-f2a1-4f9c-bf71-e4803f2a44da
Football 274,5589.79,https://placehold.co/400x400/7F1D1D/FFFFFF?text=Football%20274,ab22bdf7-c260-4beb-b403-cc919cf474ae
Smartphone 275,142056.54,https://placehold.co/400x400/1E3A8A/FFFFFF?text=Smartphone%20275,1ea0c0d3-9683-4fe5-b033-0cd94795b40c
Clean Code 276,429.02,https://placehold.co/400x400/065F46/FFFFFF?text=Clean%20Code%20276,5fa61451-b12d-44fb-863d-9b2c9e9496f0
Slim Fit Jeans 277,4491.00,https://placehold.co/400x400/9A3412/FFFFFF?text=Slim%20Fit%20Jeans%20277,f51dbd03-8798-4c37-bea0-38e750385ce6
Vacuum Cleaner 278,11665.99,https://placehold.co/400x400/3F3F46/FFFFFF?text=Vacuum%20Cleaner%20278,ac13c7a3-f2a1-4f9c-bf71-e4803f2a44da
Cricket Bat 279,2901.38,https://placehold.co/400x400/7F1D1D/FFFFFF?text=Cricket%20Bat%20279,ab22bdf7-c260-4beb-b403-cc919cf474ae
Smartphone 280,63635.21,https://placehold.co/400x400/1E3A8A/FFFFFF?text=Smartphone%20280,1ea0c0d3-9683-4fe5-b033-0cd94795b40c
System Design Handbook 281,482.91,https://placehold.co/400x400/065F46/FFFFFF?text=System%20Design%20Handbook%20281,5fa61451-b12d-44fb-863d-9b2c9e9496f0
Cotton T-Shirt 282,612.11,https://placehold.co/400x400/9A3412/FFFFFF?text=Cotton%20T-Shirt%20282,f51dbd03-8798-4c37-bea0-38e750385ce6
Air Fryer 283,38035.99,https://placehold.co/400x400/3F3F46/FFFFFF?text=Air%20Fryer%20283,ac13c7a3-f2a1-4f9c-bf71-e4803f2a44da
Badminton Racket 284,15692.68,https://placehold.co/400x400/7F1D1D/FFFFFF?text=Badminton%20Racket%20284,ab22bdf7-c260-4beb-b403-cc919cf474ae
Smartphone 285,35451.98,https://placehold.co/400x400/1E3A8A/FFFFFF?text=Smartphone%20285,1ea0c0d3-9683-4fe5-b033-0cd94795b40c
JavaScript Deep Dive 286,1056.81,https://placehold.co/400x400/065F46/FFFFFF?text=JavaScript%20Deep%20Dive%20286,5fa61451-b12d-44fb-863d-9b2c9e9496f0
Hooded Sweatshirt 287,4106.14,https://placehold.co/400x400/9A3412/FFFFFF?text=Hooded%20Sweatshirt%20287,f51dbd03-8798-4c37-bea0-38e750385ce6
Microwave Oven 288,3074.18,https://placehold.co/400x400/3F3F46/FFFFFF?text=Microwave%20Oven%20288,ac13c7a3-f2a1-4f9c-bf71-e4803f2a44da
Football 289,5527.41,https://placehold.co/400x400/7F1D1D/FFFFFF?text=Football%20289,ab22bdf7-c260-4beb-b403-cc919cf474ae
Smartphone 290,46910.85,https://placehold.co/400x400/1E3A8A/FFFFFF?text=Smartphone%20290,1ea0c0d3-9683-4fe5-b033-0cd94795b40c
Clean Code 291,1812.69,https://placehold.co/400x400/065F46/FFFFFF?text=Clean%20Code%20291,5fa61451-b12d-44fb-863d-9b2c9e9496f0
Slim Fit Jeans 292,1172.11,https://placehold.co/400x400/9A3412/FFFFFF?text=Slim%20Fit%20Jeans%20292,f51dbd03-8798-4c37-bea0-38e750385ce6
Vacuum Cleaner 293,47697.04,https://placehold.co/400x400/3F3F46/FFFFFF?text=Vacuum%20Cleaner%20293,ac13c7a3-f2a1-4f9c-bf71-e4803f2a44da
Cricket Bat 294,10142.90,https://placehold.co/400x400/7F1D1D/FFFFFF?text=Cricket%20Bat%20294,ab22bdf7-c260-4beb-b403-cc919cf474ae
Smartphone 295,25459.12,https://placehold.co/400x400/1E3A8A/FFFFFF?text=Smartphone%20295,1ea0c0d3-9683-4fe5-b033-0cd94795b40c
System Design Handbook 296,217.44,https://placehold.co/400x400/065F46/FFFFFF?text=System%20Design%20Handbook%20296,5fa61451-b12d-44fb-863d-9b2c9e9496f0
Cotton T-Shirt 297,2526.05,https://placehold.co/400x400/9A3412/FFFFFF?text=Cotton%20T-Shirt%20297,f51dbd03-8798-4c37-bea0-38e750385ce6
Air Fryer 298,23241.87,https://placehold.co/400x400/3F3F46/FFFFFF?text=Air%20Fryer%20298,ac13c7a3-f2a1-4f9c-bf71-e4803f2a44da
Badminton Racket 299,1026.49,https://placehold.co/400x400/7F1D1D/FFFFFF?text=Badminton%20Racket%20299,ab22bdf7-c260-4beb-b403-cc919cf474ae
Smartphone 300,31590.17,https://placehold.co/400x400/1E3A8A/FFFFFF?text=Smartphone%20300,1ea0c0d3-9683-4fe5-b033-0cd94795b40c
JavaScript Deep Dive 301,1186.65,https://placehold.co/400x400/065F46/FFFFFF?text=JavaScript%20Deep%20Dive%20301,5fa61451-b12d-44fb-863d-9b2c9e9496f0
Hooded Sweatshirt 302,1650.64,https://placehold.co/400x400/9A3412/FFFFFF?text=Hooded%20Sweatshirt%20302,f51dbd03-8798-4c37-bea0-38e750385ce6
Microwave Oven 303,8799.26,https://placehold.co/400x400/3F3F46/FFFFFF?text=Microwave%20Oven%20303,ac13c7a3-f2a1-4f9c-bf71-e4803f2a44da
Football 304,10595.80,https://placehold.co/400x400/7F1D1D/FFFFFF?text=Football%20304,ab22bdf7-c260-4beb-b403-cc919cf474ae
Smartphone 305,64555.10,https://placehold.co/400x400/1E3A8A/FFFFFF?text=Smartphone%20305,1ea0c0d3-9683-4fe5-b033-0cd94795b40c
Clean Code 306,861.30,https://placehold.co/400x400/065F46/FFFFFF?text=Clean%20Code%20306,5fa61451-b12d-44fb-863d-9b2c9e9496f0
Slim Fit Jeans 307,1596.17,https://placehold.co/400x400/9A3412/FFFFFF?text=Slim%20Fit%20Jeans%20307,f51dbd03-8798-4c37-bea0-38e750385ce6
Vacuum Cleaner 308,72103.94,https://placehold.co/400x400/3F3F46/FFFFFF?text=Vacuum%20Cleaner%20308,ac13c7a3-f2a1-4f9c-bf71-e4803f2a44da
Cricket Bat 309,11532.38,https://placehold.co/400x400/7F1D1D/FFFFFF?text=Cricket%20Bat%20309,ab22bdf7-c260-4beb-b403-cc919cf474ae
Smartphone 310,88176.64,https://placehold.co/400x400/1E3A8A/FFFFFF?text=Smartphone%20310,1ea0c0d3-9683-4fe5-b033-0cd94795b40c
System Design Handbook 311,1926.90,https://placehold.co/400x400/065F46/FFFFFF?text=System%20Design%20Handbook%20311,5fa61451-b12d-44fb-863d-9b2c9e9496f0
Cotton T-Shirt 312,3814.30,https://placehold.co/400x400/9A3412/FFFFFF?text=Cotton%20T-Shirt%20312,f51dbd03-8798-4c37-bea0-38e750385ce6
Air Fryer 313,79458.08,https://placehold.co/400x400/3F3F46/FFFFFF?text=Air%20Fryer%20313,ac13c7a3-f2a1-4f9c-bf71-e4803f2a44da
Badminton Racket 314,8283.41,https://placehold.co/400x400/7F1D1D/FFFFFF?text=Badminton%20Racket%20314,ab22bdf7-c260-4beb-b403-cc919cf474ae
Smartphone 315,105249.86,https://placehold.co/400x400/1E3A8A/FFFFFF?text=Smartphone%20315,1ea0c0d3-9683-4fe5-b033-0cd94795b40c
JavaScript Deep Dive 316,831.10,https://placehold.co/400x400/065F46/FFFFFF?text=JavaScript%20Deep%20Dive%20316,5fa61451-b12d-44fb-863d-9b2c9e9496f0
Hooded Sweatshirt 317,701.07,https://placehold.co/400x400/9A3412/FFFFFF?text=Hooded%20Sweatshirt%20317,f51dbd03-8798-4c37-bea0-38e750385ce6
Microwave Oven 318,57209.55,https://placehold.co/400x400/3F3F46/FFFFFF?text=Microwave%20Oven%20318,ac13c7a3-f2a1-4f9c-bf71-e4803f2a44da
Football 319,1065.27,https://placehold.co/400x400/7F1D1D/FFFFFF?text=Football%20319,ab22bdf7-c260-4beb-b403-cc919cf474ae
Smartphone 320,35146.78,https://placehold.co/400x400/1E3A8A/FFFFFF?text=Smartphone%20320,1ea0c0d3-9683-4fe5-b033-0cd94795b40c
Clean Code 321,1432.58,https://placehold.co/400x400/065F46/FFFFFF?text=Clean%20Code%20321,5fa61451-b12d-44fb-863d-9b2c9e9496f0
Slim Fit Jeans 322,4721.48,https://placehold.co/400x400/9A3412/FFFFFF?text=Slim%20Fit%20Jeans%20322,f51dbd03-8798-4c37-bea0-38e750385ce6
Vacuum Cleaner 323,20746.21,https://placehold.co/400x400/3F3F46/FFFFFF?text=Vacuum%20Cleaner%20323,ac13c7a3-f2a1-4f9c-bf71-e4803f2a44da
Cricket Bat 324,14026.25,https://placehold.co/400x400/7F1D1D/FFFFFF?text=Cricket%20Bat%20324,ab22bdf7-c260-4beb-b403-cc919cf474ae
Smartphone 325,116245.85,https://placehold.co/400x400/1E3A8A/FFFFFF?text=Smartphone%20325,1ea0c0d3-9683-4fe5-b033-0cd94795b40c
System Design Handbook 326,939.73,https://placehold.co/400x400/065F46/FFFFFF?text=System%20Design%20Handbook%20326,5fa61451-b12d-44fb-863d-9b2c9e9496f0
Cotton T-Shirt 327,4069.74,https://placehold.co/400x400/9A3412/FFFFFF?text=Cotton%20T-Shirt%20327,f51dbd03-8798-4c37-bea0-38e750385ce6
Air Fryer 328,29975.64,https://placehold.co/400x400/3F3F46/FFFFFF?text=Air%20Fryer%20328,ac13c7a3-f2a1-4f9c-bf71-e4803f2a44da
Badminton Racket 329,12886.05,https://placehold.co/400x400/7F1D1D/FFFFFF?text=Badminton%20Racket%20329,ab22bdf7-c260-4beb-b403-cc919cf474ae
Smartphone 330,49033.86,https://placehold.co/400x400/1E3A8A/FFFFFF?text=Smartphone%20330,1ea0c0d3-9683-4fe5-b033-0cd94795b40c
JavaScript Deep Dive 331,936.25,https://placehold.co/400x400/065F46/FFFFFF?text=JavaScript%20Deep%20Dive%20331,5fa61451-b12d-44fb-863d-9b2c9e9496f0
Hooded Sweatshirt 332,4833.42,https://placehold.co/400x400/9A3412/FFFFFF?text=Hooded%20Sweatshirt%20332,f51dbd03-8798-4c37-bea0-38e750385ce6
Microwave Oven 333,72165.16,https://placehold.co/400x400/3F3F46/FFFFFF?text=Microwave%20Oven%20333,ac13c7a3-f2a1-4f9c-bf71-e4803f2a44da
Football 334,23824.06,https://placehold.co/400x400/7F1D1D/FFFFFF?text=Football%20334,ab22bdf7-c260-4beb-b403-cc919cf474ae
Smartphone 335,50771.83,https://placehold.co/400x400/1E3A8A/FFFFFF?text=Smartphone%20335,1ea0c0d3-9683-4fe5-b033-0cd94795b40c
Clean Code 336,1154.14,https://placehold.co/400x400/065F46/FFFFFF?text=Clean%20Code%20336,5fa61451-b12d-44fb-863d-9b2c9e9496f0
Slim Fit Jeans 337,3956.85,https://placehold.co/400x400/9A3412/FFFFFF?text=Slim%20Fit%20Jeans%20337,f51dbd03-8798-4c37-bea0-38e750385ce6
Vacuum Cleaner 338,23627.33,https://placehold.co/400x400/3F3F46/FFFFFF?text=Vacuum%20Cleaner%20338,ac13c7a3-f2a1-4f9c-bf71-e4803f2a44da
Cricket Bat 339,21862.12,https://placehold.co/400x400/7F1D1D/FFFFFF?text=Cricket%20Bat%20339,ab22bdf7-c260-4beb-b403-cc919cf474ae
Smartphone 340,85878.07,https://placehold.co/400x400/1E3A8A/FFFFFF?text=Smartphone%20340,1ea0c0d3-9683-4fe5-b033-0cd94795b40c
System Design Handbook 341,225.44,https://placehold.co/400x400/065F46/FFFFFF?text=System%20Design%20Handbook%20341,5fa61451-b12d-44fb-863d-9b2c9e9496f0
Cotton T-Shirt 342,2434.65,https://placehold.co/400x400/9A3412/FFFFFF?text=Cotton%20T-Shirt%20342,f51dbd03-8798-4c37-bea0-38e750385ce6
Air Fryer 343,2461.07,https://placehold.co/400x400/3F3F46/FFFFFF?text=Air%20Fryer%20343,ac13c7a3-f2a1-4f9c-bf71-e4803f2a44da
Badminton Racket 344,16912.99,https://placehold.co/400x400/7F1D1D/FFFFFF?text=Badminton%20Racket%20344,ab22bdf7-c260-4beb-b403-cc919cf474ae
Smartphone 345,48622.50,https://placehold.co/400x400/1E3A8A/FFFFFF?text=Smartphone%20345,1ea0c0d3-9683-4fe5-b033-0cd94795b40c
JavaScript Deep Dive 346,1062.93,https://placehold.co/400x400/065F46/FFFFFF?text=JavaScript%20Deep%20Dive%20346,5fa61451-b12d-44fb-863d-9b2c9e9496f0
Hooded Sweatshirt 347,4844.56,https://placehold.co/400x400/9A3412/FFFFFF?text=Hooded%20Sweatshirt%20347,f51dbd03-8798-4c37-bea0-38e750385ce6
Microwave Oven 348,6502.68,https://placehold.co/400x400/3F3F46/FFFFFF?text=Microwave%20Oven%20348,ac13c7a3-f2a1-4f9c-bf71-e4803f2a44da
Football 349,573.44,https://placehold.co/400x400/7F1D1D/FFFFFF?text=Football%20349,ab22bdf7-c260-4beb-b403-cc919cf474ae
Smartphone 350,73016.14,https://placehold.co/400x400/1E3A8A/FFFFFF?text=Smartphone%20350,1ea0c0d3-9683-4fe5-b033-0cd94795b40c
Clean Code 351,1683.66,https://placehold.co/400x400/065F46/FFFFFF?text=Clean%20Code%20351,5fa61451-b12d-44fb-863d-9b2c9e9496f0
Slim Fit Jeans 352,3960.93,https://placehold.co/400x400/9A3412/FFFFFF?text=Slim%20Fit%20Jeans%20352,f51dbd03-8798-4c37-bea0-38e750385ce6
Vacuum Cleaner 353,37317.55,https://placehold.co/400x400/3F3F46/FFFFFF?text=Vacuum%20Cleaner%20353,ac13c7a3-f2a1-4f9c-bf71-e4803f2a44da
Cricket Bat 354,18863.27,https://placehold.co/400x400/7F1D1D/FFFFFF?text=Cricket%20Bat%20354,ab22bdf7-c260-4beb-b403-cc919cf474ae
Smartphone 355,55147.58,https://placehold.co/400x400/1E3A8A/FFFFFF?text=Smartphone%20355,1ea0c0d3-9683-4fe5-b033-0cd94795b40c
System Design Handbook 356,334.21,https://placehold.co/400x400/065F46/FFFFFF?text=System%20Design%20Handbook%20356,5fa61451-b12d-44fb-863d-9b2c9e9496f0
Cotton T-Shirt 357,3887.97,https://placehold.co/400x400/9A3412/FFFFFF?text=Cotton%20T-Shirt%20357,f51dbd03-8798-4c37-bea0-38e750385ce6
Air Fryer 358,6922.68,https://placehold.co/400x400/3F3F46/FFFFFF?text=Air%20Fryer%20358,ac13c7a3-f2a1-4f9c-bf71-e4803f2a44da
Badminton Racket 359,1657.22,https://placehold.co/400x400/7F1D1D/FFFFFF?text=Badminton%20Racket%20359,ab22bdf7-c260-4beb-b403-cc919cf474ae
Smartphone 360,36533.41,https://placehold.co/400x400/1E3A8A/FFFFFF?text=Smartphone%20360,1ea0c0d3-9683-4fe5-b033-0cd94795b40c
JavaScript Deep Dive 361,1213.55,https://placehold.co/400x400/065F46/FFFFFF?text=JavaScript%20Deep%20Dive%20361,5fa61451-b12d-44fb-863d-9b2c9e9496f0
Hooded Sweatshirt 362,3301.07,https://placehold.co/400x400/9A3412/FFFFFF?text=Hooded%20Sweatshirt%20362,f51dbd03-8798-4c37-bea0-38e750385ce6
Microwave Oven 363,34623.20,https://placehold.co/400x400/3F3F46/FFFFFF?text=Microwave%20Oven%20363,ac13c7a3-f2a1-4f9c-bf71-e4803f2a44da
Football 364,6172.92,https://placehold.co/400x400/7F1D1D/FFFFFF?text=Football%20364,ab22bdf7-c260-4beb-b403-cc919cf474ae
Smartphone 365,33841.82,https://placehold.co/400x400/1E3A8A/FFFFFF?text=Smartphone%20365,1ea0c0d3-9683-4fe5-b033-0cd94795b40c
Clean Code 366,1918.56,https://placehold.co/400x400/065F46/FFFFFF?text=Clean%20Code%20366,5fa61451-b12d-44fb-863d-9b2c9e9496f0
Slim Fit Jeans 367,4995.06,https://placehold.co/400x400/9A3412/FFFFFF?text=Slim%20Fit%20Jeans%20367,f51dbd03-8798-4c37-bea0-38e750385ce6
Vacuum Cleaner 368,26952.82,https://placehold.co/400x400/3F3F46/FFFFFF?text=Vacuum%20Cleaner%20368,ac13c7a3-f2a1-4f9c-bf71-e4803f2a44da
Cricket Bat 369,20829.14,https://placehold.co/400x400/7F1D1D/FFFFFF?text=Cricket%20Bat%20369,ab22bdf7-c260-4beb-b403-cc919cf474ae
Smartphone 370,23537.95,https://placehold.co/400x400/1E3A8A/FFFFFF?text=Smartphone%20370,1ea0c0d3-9683-4fe5-b033-0cd94795b40c
System Design Handbook 371,696.96,https://placehold.co/400x400/065F46/FFFFFF?text=System%20Design%20Handbook%20371,5fa61451-b12d-44fb-863d-9b2c9e9496f0
Cotton T-Shirt 372,3585.78,https://placehold.co/400x400/9A3412/FFFFFF?text=Cotton%20T-Shirt%20372,f51dbd03-8798-4c37-bea0-38e750385ce6
Air Fryer 373,14391.64,https://placehold.co/400x400/3F3F46/FFFFFF?text=Air%20Fryer%20373,ac13c7a3-f2a1-4f9c-bf71-e4803f2a44da
Badminton Racket 374,5496.69,https://placehold.co/400x400/7F1D1D/FFFFFF?text=Badminton%20Racket%20374,ab22bdf7-c260-4beb-b403-cc919cf474ae
Smartphone 375,14634.25,https://placehold.co/400x400/1E3A8A/FFFFFF?text=Smartphone%20375,1ea0c0d3-9683-4fe5-b033-0cd94795b40c
JavaScript Deep Dive 376,671.61,https://placehold.co/400x400/065F46/FFFFFF?text=JavaScript%20Deep%20Dive%20376,5fa61451-b12d-44fb-863d-9b2c9e9496f0
Hooded Sweatshirt 377,3936.09,https://placehold.co/400x400/9A3412/FFFFFF?text=Hooded%20Sweatshirt%20377,f51dbd03-8798-4c37-bea0-38e750385ce6
Microwave Oven 378,71480.44,https://placehold.co/400x400/3F3F46/FFFFFF?text=Microwave%20Oven%20378,ac13c7a3-f2a1-4f9c-bf71-e4803f2a44da
Football 379,25271.77,https://placehold.co/400x400/7F1D1D/FFFFFF?text=Football%20379,ab22bdf7-c260-4beb-b403-cc919cf474ae
Smartphone 380,125584.54,https://placehold.co/400x400/1E3A8A/FFFFFF?text=Smartphone%20380,1ea0c0d3-9683-4fe5-b033-0cd94795b40c
Clean Code 381,534.74,https://placehold.co/400x400/065F46/FFFFFF?text=Clean%20Code%20381,5fa61451-b12d-44fb-863d-9b2c9e9496f0
Slim Fit Jeans 382,1307.53,https://placehold.co/400x400/9A3412/FFFFFF?text=Slim%20Fit%20Jeans%20382,f51dbd03-8798-4c37-bea0-38e750385ce6
Vacuum Cleaner 383,60608.31,https://placehold.co/400x400/3F3F46/FFFFFF?text=Vacuum%20Cleaner%20383,ac13c7a3-f2a1-4f9c-bf71-e4803f2a44da
Cricket Bat 384,29457.47,https://placehold.co/400x400/7F1D1D/FFFFFF?text=Cricket%20Bat%20384,ab22bdf7-c260-4beb-b403-cc919cf474ae
Smartphone 385,27040.91,https://placehold.co/400x400/1E3A8A/FFFFFF?text=Smartphone%20385,1ea0c0d3-9683-4fe5-b033-0cd94795b40c
System Design Handbook 386,1366.62,https://placehold.co/400x400/065F46/FFFFFF?text=System%20Design%20Handbook%20386,5fa61451-b12d-44fb-863d-9b2c9e9496f0
Cotton T-Shirt 387,1787.56,https://placehold.co/400x400/9A3412/FFFFFF?text=Cotton%20T-Shirt%20387,f51dbd03-8798-4c37-bea0-38e750385ce6
Air Fryer 388,39174.74,https://placehold.co/400x400/3F3F46/FFFFFF?text=Air%20Fryer%20388,ac13c7a3-f2a1-4f9c-bf71-e4803f2a44da
Badminton Racket 389,23237.73,https://placehold.co/400x400/7F1D1D/FFFFFF?text=Badminton%20Racket%20389,ab22bdf7-c260-4beb-b403-cc919cf474ae
Smartphone 390,58634.36,https://placehold.co/400x400/1E3A8A/FFFFFF?text=Smartphone%20390,1ea0c0d3-9683-4fe5-b033-0cd94795b40c
JavaScript Deep Dive 391,1025.31,https://placehold.co/400x400/065F46/FFFFFF?text=JavaScript%20Deep%20Dive%20391,5fa61451-b12d-44fb-863d-9b2c9e9496f0
Hooded Sweatshirt 392,2164.96,https://placehold.co/400x400/9A3412/FFFFFF?text=Hooded%20Sweatshirt%20392,f51dbd03-8798-4c37-bea0-38e750385ce6
Microwave Oven 393,23237.89,https://placehold.co/400x400/3F3F46/FFFFFF?text=Microwave%20Oven%20393,ac13c7a3-f2a1-4f9c-bf71-e4803f2a44da
Football 394,5140.88,https://placehold.co/400x400/7F1D1D/FFFFFF?text=Football%20394,ab22bdf7-c260-4beb-b403-cc919cf474ae
Smartphone 395,87776.66,https://placehold.co/400x400/1E3A8A/FFFFFF?text=Smartphone%20395,1ea0c0d3-9683-4fe5-b033-0cd94795b40c
Clean Code 396,257.47,https://placehold.co/400x400/065F46/FFFFFF?text=Clean%20Code%20396,5fa61451-b12d-44fb-863d-9b2c9e9496f0
Slim Fit Jeans 397,3400.24,https://placehold.co/400x400/9A3412/FFFFFF?text=Slim%20Fit%20Jeans%20397,f51dbd03-8798-4c37-bea0-38e750385ce6
Vacuum Cleaner 398,27742.55,https://placehold.co/400x400/3F3F46/FFFFFF?text=Vacuum%20Cleaner%20398,ac13c7a3-f2a1-4f9c-bf71-e4803f2a44da
Cricket Bat 399,21275.88,https://placehold.co/400x400/7F1D1D/FFFFFF?text=Cricket%20Bat%20399,ab22bdf7-c260-4beb-b403-cc919cf474ae
Smartphone 400,27226.40,https://placehold.co/400x400/1E3A8A/FFFFFF?text=Smartphone%20400,1ea0c0d3-9683-4fe5-b033-0cd94795b40c
System Design Handbook 401,1279.15,https://placehold.co/400x400/065F46/FFFFFF?text=System%20Design%20Handbook%20401,5fa61451-b12d-44fb-863d-9b2c9e9496f0
Cotton T-Shirt 402,2559.94,https://placehold.co/400x400/9A3412/FFFFFF?text=Cotton%20T-Shirt%20402,f51dbd03-8798-4c37-bea0-38e750385ce6
Air Fryer 403,57095.39,https://placehold.co/400x400/3F3F46/FFFFFF?text=Air%20Fryer%20403,ac13c7a3-f2a1-4f9c-bf71-e4803f2a44da
Badminton Racket 404,15460.00,https://placehold.co/400x400/7F1D1D/FFFFFF?text=Badminton%20Racket%20404,ab22bdf7-c260-4beb-b403-cc919cf474ae
Smartphone 405,51523.39,https://placehold.co/400x400/1E3A8A/FFFFFF?text=Smartphone%20405,1ea0c0d3-9683-4fe5-b033-0cd94795b40c
JavaScript Deep Dive 406,1584.20,https://placehold.co/400x400/065F46/FFFFFF?text=JavaScript%20Deep%20Dive%20406,5fa61451-b12d-44fb-863d-9b2c9e9496f0
Hooded Sweatshirt 407,2998.81,https://placehold.co/400x400/9A3412/FFFFFF?text=Hooded%20Sweatshirt%20407,f51dbd03-8798-4c37-bea0-38e750385ce6
Microwave Oven 408,76881.93,https://placehold.co/400x400/3F3F46/FFFFFF?text=Microwave%20Oven%20408,ac13c7a3-f2a1-4f9c-bf71-e4803f2a44da
Football 409,4711.16,https://placehold.co/400x400/7F1D1D/FFFFFF?text=Football%20409,ab22bdf7-c260-4beb-b403-cc919cf474ae
Smartphone 410,13765.46,https://placehold.co/400x400/1E3A8A/FFFFFF?text=Smartphone%20410,1ea0c0d3-9683-4fe5-b033-0cd94795b40c
Clean Code 411,1193.98,https://placehold.co/400x400/065F46/FFFFFF?text=Clean%20Code%20411,5fa61451-b12d-44fb-863d-9b2c9e9496f0
Slim Fit Jeans 412,1802.67,https://placehold.co/400x400/9A3412/FFFFFF?text=Slim%20Fit%20Jeans%20412,f51dbd03-8798-4c37-bea0-38e750385ce6
Vacuum Cleaner 413,47625.36,https://placehold.co/400x400/3F3F46/FFFFFF?text=Vacuum%20Cleaner%20413,ac13c7a3-f2a1-4f9c-bf71-e4803f2a44da
Cricket Bat 414,13544.67,https://placehold.co/400x400/7F1D1D/FFFFFF?text=Cricket%20Bat%20414,ab22bdf7-c260-4beb-b403-cc919cf474ae
Smartphone 415,114578.80,https://placehold.co/400x400/1E3A8A/FFFFFF?text=Smartphone%20415,1ea0c0d3-9683-4fe5-b033-0cd94795b40c
System Design Handbook 416,1489.92,https://placehold.co/400x400/065F46/FFFFFF?text=System%20Design%20Handbook%20416,5fa61451-b12d-44fb-863d-9b2c9e9496f0
Cotton T-Shirt 417,2790.88,https://placehold.co/400x400/9A3412/FFFFFF?text=Cotton%20T-Shirt%20417,f51dbd03-8798-4c37-bea0-38e750385ce6
Air Fryer 418,51207.37,https://placehold.co/400x400/3F3F46/FFFFFF?text=Air%20Fryer%20418,ac13c7a3-f2a1-4f9c-bf71-e4803f2a44da
Badminton Racket 419,23549.70,https://placehold.co/400x400/7F1D1D/FFFFFF?text=Badminton%20Racket%20419,ab22bdf7-c260-4beb-b403-cc919cf474ae
Smartphone 420,50704.11,https://placehold.co/400x400/1E3A8A/FFFFFF?text=Smartphone%20420,1ea0c0d3-9683-4fe5-b033-0cd94795b40c
JavaScript Deep Dive 421,1149.78,https://placehold.co/400x400/065F46/FFFFFF?text=JavaScript%20Deep%20Dive%20421,5fa61451-b12d-44fb-863d-9b2c9e9496f0
Hooded Sweatshirt 422,2657.79,https://placehold.co/400x400/9A3412/FFFFFF?text=Hooded%20Sweatshirt%20422,f51dbd03-8798-4c37-bea0-38e750385ce6
Microwave Oven 423,74681.60,https://placehold.co/400x400/3F3F46/FFFFFF?text=Microwave%20Oven%20423,ac13c7a3-f2a1-4f9c-bf71-e4803f2a44da
Football 424,1508.48,https://placehold.co/400x400/7F1D1D/FFFFFF?text=Football%20424,ab22bdf7-c260-4beb-b403-cc919cf474ae
Smartphone 425,105269.11,https://placehold.co/400x400/1E3A8A/FFFFFF?text=Smartphone%20425,1ea0c0d3-9683-4fe5-b033-0cd94795b40c
Clean Code 426,1813.87,https://placehold.co/400x400/065F46/FFFFFF?text=Clean%20Code%20426,5fa61451-b12d-44fb-863d-9b2c9e9496f0
Slim Fit Jeans 427,4775.26,https://placehold.co/400x400/9A3412/FFFFFF?text=Slim%20Fit%20Jeans%20427,f51dbd03-8798-4c37-bea0-38e750385ce6
Vacuum Cleaner 428,68721.85,https://placehold.co/400x400/3F3F46/FFFFFF?text=Vacuum%20Cleaner%20428,ac13c7a3-f2a1-4f9c-bf71-e4803f2a44da
Cricket Bat 429,20155.15,https://placehold.co/400x400/7F1D1D/FFFFFF?text=Cricket%20Bat%20429,ab22bdf7-c260-4beb-b403-cc919cf474ae
Smartphone 430,3370.98,https://placehold.co/400x400/1E3A8A/FFFFFF?text=Smartphone%20430,1ea0c0d3-9683-4fe5-b033-0cd94795b40c
System Design Handbook 431,403.56,https://placehold.co/400x400/065F46/FFFFFF?text=System%20Design%20Handbook%20431,5fa61451-b12d-44fb-863d-9b2c9e9496f0
Cotton T-Shirt 432,4771.51,https://placehold.co/400x400/9A3412/FFFFFF?text=Cotton%20T-Shirt%20432,f51dbd03-8798-4c37-bea0-38e750385ce6
Air Fryer 433,26553.95,https://placehold.co/400x400/3F3F46/FFFFFF?text=Air%20Fryer%20433,ac13c7a3-f2a1-4f9c-bf71-e4803f2a44da
Badminton Racket 434,12328.45,https://placehold.co/400x400/7F1D1D/FFFFFF?text=Badminton%20Racket%20434,ab22bdf7-c260-4beb-b403-cc919cf474ae
Smartphone 435,132180.74,https://placehold.co/400x400/1E3A8A/FFFFFF?text=Smartphone%20435,1ea0c0d3-9683-4fe5-b033-0cd94795b40c
JavaScript Deep Dive 436,1978.98,https://placehold.co/400x400/065F46/FFFFFF?text=JavaScript%20Deep%20Dive%20436,5fa61451-b12d-44fb-863d-9b2c9e9496f0
Hooded Sweatshirt 437,1771.30,https://placehold.co/400x400/9A3412/FFFFFF?text=Hooded%20Sweatshirt%20437,f51dbd03-8798-4c37-bea0-38e750385ce6
Microwave Oven 438,49860.66,https://placehold.co/400x400/3F3F46/FFFFFF?text=Microwave%20Oven%20438,ac13c7a3-f2a1-4f9c-bf71-e4803f2a44da
Football 439,17620.80,https://placehold.co/400x400/7F1D1D/FFFFFF?text=Football%20439,ab22bdf7-c260-4beb-b403-cc919cf474ae
Smartphone 440,78578.57,https://placehold.co/400x400/1E3A8A/FFFFFF?text=Smartphone%20440,1ea0c0d3-9683-4fe5-b033-0cd94795b40c
Clean Code 441,1365.28,https://placehold.co/400x400/065F46/FFFFFF?text=Clean%20Code%20441,5fa61451-b12d-44fb-863d-9b2c9e9496f0
Slim Fit Jeans 442,1117.98,https://placehold.co/400x400/9A3412/FFFFFF?text=Slim%20Fit%20Jeans%20442,f51dbd03-8798-4c37-bea0-38e750385ce6
Vacuum Cleaner 443,58543.79,https://placehold.co/400x400/3F3F46/FFFFFF?text=Vacuum%20Cleaner%20443,ac13c7a3-f2a1-4f9c-bf71-e4803f2a44da
Cricket Bat 444,28171.41,https://placehold.co/400x400/7F1D1D/FFFFFF?text=Cricket%20Bat%20444,ab22bdf7-c260-4beb-b403-cc919cf474ae
Smartphone 445,141675.28,https://placehold.co/400x400/1E3A8A/FFFFFF?text=Smartphone%20445,1ea0c0d3-9683-4fe5-b033-0cd94795b40c
System Design Handbook 446,693.10,https://placehold.co/400x400/065F46/FFFFFF?text=System%20Design%20Handbook%20446,5fa61451-b12d-44fb-863d-9b2c9e9496f0
Cotton T-Shirt 447,3390.02,https://placehold.co/400x400/9A3412/FFFFFF?text=Cotton%20T-Shirt%20447,f51dbd03-8798-4c37-bea0-38e750385ce6
Air Fryer 448,42349.26,https://placehold.co/400x400/3F3F46/FFFFFF?text=Air%20Fryer%20448,ac13c7a3-f2a1-4f9c-bf71-e4803f2a44da
Badminton Racket 449,17776.83,https://placehold.co/400x400/7F1D1D/FFFFFF?text=Badminton%20Racket%20449,ab22bdf7-c260-4beb-b403-cc919cf474ae
Smartphone 450,135832.84,https://placehold.co/400x400/1E3A8A/FFFFFF?text=Smartphone%20450,1ea0c0d3-9683-4fe5-b033-0cd94795b40c
JavaScript Deep Dive 451,819.74,https://placehold.co/400x400/065F46/FFFFFF?text=JavaScript%20Deep%20Dive%20451,5fa61451-b12d-44fb-863d-9b2c9e9496f0
Hooded Sweatshirt 452,3783.83,https://placehold.co/400x400/9A3412/FFFFFF?text=Hooded%20Sweatshirt%20452,f51dbd03-8798-4c37-bea0-38e750385ce6
Microwave Oven 453,13928.69,https://placehold.co/400x400/3F3F46/FFFFFF?text=Microwave%20Oven%20453,ac13c7a3-f2a1-4f9c-bf71-e4803f2a44da
Football 454,4010.14,https://placehold.co/400x400/7F1D1D/FFFFFF?text=Football%20454,ab22bdf7-c260-4beb-b403-cc919cf474ae
Smartphone 455,103148.15,https://placehold.co/400x400/1E3A8A/FFFFFF?text=Smartphone%20455,1ea0c0d3-9683-4fe5-b033-0cd94795b40c
Clean Code 456,925.82,https://placehold.co/400x400/065F46/FFFFFF?text=Clean%20Code%20456,5fa61451-b12d-44fb-863d-9b2c9e9496f0
Slim Fit Jeans 457,4767.65,https://placehold.co/400x400/9A3412/FFFFFF?text=Slim%20Fit%20Jeans%20457,f51dbd03-8798-4c37-bea0-38e750385ce6
Vacuum Cleaner 458,4420.14,https://placehold.co/400x400/3F3F46/FFFFFF?text=Vacuum%20Cleaner%20458,ac13c7a3-f2a1-4f9c-bf71-e4803f2a44da
Cricket Bat 459,19306.58,https://placehold.co/400x400/7F1D1D/FFFFFF?text=Cricket%20Bat%20459,ab22bdf7-c260-4beb-b403-cc919cf474ae
Smartphone 460,138399.68,https://placehold.co/400x400/1E3A8A/FFFFFF?text=Smartphone%20460,1ea0c0d3-9683-4fe5-b033-0cd94795b40c
System Design Handbook 461,1990.04,https://placehold.co/400x400/065F46/FFFFFF?text=System%20Design%20Handbook%20461,5fa61451-b12d-44fb-863d-9b2c9e9496f0
Cotton T-Shirt 462,2620.92,https://placehold.co/400x400/9A3412/FFFFFF?text=Cotton%20T-Shirt%20462,f51dbd03-8798-4c37-bea0-38e750385ce6
Air Fryer 463,55999.24,https://placehold.co/400x400/3F3F46/FFFFFF?text=Air%20Fryer%20463,ac13c7a3-f2a1-4f9c-bf71-e4803f2a44da
Badminton Racket 464,15549.77,https://placehold.co/400x400/7F1D1D/FFFFFF?text=Badminton%20Racket%20464,ab22bdf7-c260-4beb-b403-cc919cf474ae
Smartphone 465,64863.22,https://placehold.co/400x400/1E3A8A/FFFFFF?text=Smartphone%20465,1ea0c0d3-9683-4fe5-b033-0cd94795b40c
JavaScript Deep Dive 466,562.53,https://placehold.co/400x400/065F46/FFFFFF?text=JavaScript%20Deep%20Dive%20466,5fa61451-b12d-44fb-863d-9b2c9e9496f0
Hooded Sweatshirt 467,1739.44,https://placehold.co/400x400/9A3412/FFFFFF?text=Hooded%20Sweatshirt%20467,f51dbd03-8798-4c37-bea0-38e750385ce6
Microwave Oven 468,11565.54,https://placehold.co/400x400/3F3F46/FFFFFF?text=Microwave%20Oven%20468,ac13c7a3-f2a1-4f9c-bf71-e4803f2a44da
Football 469,3352.81,https://placehold.co/400x400/7F1D1D/FFFFFF?text=Football%20469,ab22bdf7-c260-4beb-b403-cc919cf474ae
Smartphone 470,50693.68,https://placehold.co/400x400/1E3A8A/FFFFFF?text=Smartphone%20470,1ea0c0d3-9683-4fe5-b033-0cd94795b40c
Clean Code 471,1067.53,https://placehold.co/400x400/065F46/FFFFFF?text=Clean%20Code%20471,5fa61451-b12d-44fb-863d-9b2c9e9496f0
Slim Fit Jeans 472,4918.34,https://placehold.co/400x400/9A3412/FFFFFF?text=Slim%20Fit%20Jeans%20472,f51dbd03-8798-4c37-bea0-38e750385ce6
Vacuum Cleaner 473,50027.99,https://placehold.co/400x400/3F3F46/FFFFFF?text=Vacuum%20Cleaner%20473,ac13c7a3-f2a1-4f9c-bf71-e4803f2a44da
Cricket Bat 474,27635.49,https://placehold.co/400x400/7F1D1D/FFFFFF?text=Cricket%20Bat%20474,ab22bdf7-c260-4beb-b403-cc919cf474ae
Smartphone 475,34138.49,https://placehold.co/400x400/1E3A8A/FFFFFF?text=Smartphone%20475,1ea0c0d3-9683-4fe5-b033-0cd94795b40c
System Design Handbook 476,1596.52,https://placehold.co/400x400/065F46/FFFFFF?text=System%20Design%20Handbook%20476,5fa61451-b12d-44fb-863d-9b2c9e9496f0
Cotton T-Shirt 477,1423.38,https://placehold.co/400x400/9A3412/FFFFFF?text=Cotton%20T-Shirt%20477,f51dbd03-8798-4c37-bea0-38e750385ce6
Air Fryer 478,76308.77,https://placehold.co/400x400/3F3F46/FFFFFF?text=Air%20Fryer%20478,ac13c7a3-f2a1-4f9c-bf71-e4803f2a44da
Badminton Racket 479,763.17,https://placehold.co/400x400/7F1D1D/FFFFFF?text=Badminton%20Racket%20479,ab22bdf7-c260-4beb-b403-cc919cf474ae
Smartphone 480,55512.46,https://placehold.co/400x400/1E3A8A/FFFFFF?text=Smartphone%20480,1ea0c0d3-9683-4fe5-b033-0cd94795b40c
JavaScript Deep Dive 481,1127.53,https://placehold.co/400x400/065F46/FFFFFF?text=JavaScript%20Deep%20Dive%20481,5fa61451-b12d-44fb-863d-9b2c9e9496f0
Hooded Sweatshirt 482,1626.82,https://placehold.co/400x400/9A3412/FFFFFF?text=Hooded%20Sweatshirt%20482,f51dbd03-8798-4c37-bea0-38e750385ce6
Microwave Oven 483,49313.59,https://placehold.co/400x400/3F3F46/FFFFFF?text=Microwave%20Oven%20483,ac13c7a3-f2a1-4f9c-bf71-e4803f2a44da
Football 484,16526.90,https://placehold.co/400x400/7F1D1D/FFFFFF?text=Football%20484,ab22bdf7-c260-4beb-b403-cc919cf474ae
Smartphone 485,115414.30,https://placehold.co/400x400/1E3A8A/FFFFFF?text=Smartphone%20485,1ea0c0d3-9683-4fe5-b033-0cd94795b40c
Clean Code 486,1989.53,https://placehold.co/400x400/065F46/FFFFFF?text=Clean%20Code%20486,5fa61451-b12d-44fb-863d-9b2c9e9496f0
Slim Fit Jeans 487,3400.25,https://placehold.co/400x400/9A3412/FFFFFF?text=Slim%20Fit%20Jeans%20487,f51dbd03-8798-4c37-bea0-38e750385ce6
Vacuum Cleaner 488,77738.93,https://placehold.co/400x400/3F3F46/FFFFFF?text=Vacuum%20Cleaner%20488,ac13c7a3-f2a1-4f9c-bf71-e4803f2a44da
Cricket Bat 489,12012.81,https://placehold.co/400x400/7F1D1D/FFFFFF?text=Cricket%20Bat%20489,ab22bdf7-c260-4beb-b403-cc919cf474ae
Smartphone 490,79944.86,https://placehold.co/400x400/1E3A8A/FFFFFF?text=Smartphone%20490,1ea0c0d3-9683-4fe5-b033-0cd94795b40c
System Design Handbook 491,495.75,https://placehold.co/400x400/065F46/FFFFFF?text=System%20Design%20Handbook%20491,5fa61451-b12d-44fb-863d-9b2c9e9496f0
Cotton T-Shirt 492,2014.84,https://placehold.co/400x400/9A3412/FFFFFF?text=Cotton%20T-Shirt%20492,f51dbd03-8798-4c37-bea0-38e750385ce6
Air Fryer 493,68196.43,https://placehold.co/400x400/3F3F46/FFFFFF?text=Air%20Fryer%20493,ac13c7a3-f2a1-4f9c-bf71-e4803f2a44da
Badminton Racket 494,17495.13,https://placehold.co/400x400/7F1D1D/FFFFFF?text=Badminton%20Racket%20494,ab22bdf7-c260-4beb-b403-cc919cf474ae
Smartphone 495,67491.91,https://placehold.co/400x400/1E3A8A/FFFFFF?text=Smartphone%20495,1ea0c0d3-9683-4fe5-b033-0cd94795b40c
JavaScript Deep Dive 496,728.53,https://placehold.co/400x400/065F46/FFFFFF?text=JavaScript%20Deep%20Dive%20496,5fa61451-b12d-44fb-863d-9b2c9e9496f0
Hooded Sweatshirt 497,3391.05,https://placehold.co/400x400/9A3412/FFFFFF?text=Hooded%20Sweatshirt%20497,f51dbd03-8798-4c37-bea0-38e750385ce6
Microwave Oven 498,48987.60,https://placehold.co/400x400/3F3F46/FFFFFF?text=Microwave%20Oven%20498,ac13c7a3-f2a1-4f9c-bf71-e4803f2a44da
Football 499,17352.28,https://placehold.co/400x400/7F1D1D/FFFFFF?text=Football%20499,ab22bdf7-c260-4beb-b403-cc919cf474ae
Smartphone 500,7324.09,https://placehold.co/400x400/1E3A8A/FFFFFF?text=Smartphone%20500,1ea0c0d3-9683-4fe5-b033-0cd94795b40c
